{"name": "N1680", "series": [4370.0, 3710.0, 3220.0, 3870.0, 2700.0, 6720.0, 3210.0, 8670.0, 8310.0, 6950.0, 5690.0, 5450.0, 5000.0, 3590.0, 3680.0, 2790.0, 3280.0, 3750.0, 3350.0, 7990.0, 6280.0, 6770.0, 8260.0, 4830.0, 4800.0, 4340.0, 4860.0, 2310.0, 2090.0, 4890.0, 4500.0, 4560.0, 7900.0, 5130.0, 9470.0, 6300.0, 4490.0, 2110.0, 4670.0, 5950.0, 2600.0, 2280.0, 4190.0, 5820.0, 4960.0, 5140.0, 5210.0, 3580.0, 5750.0, 1590.0, 4880.0, 1610.0, 2420.0, 4370.0, 3580.0, 3410.0, 4220.0, 4500.0, 2750.0, 2610.0, 1750.0, 2850.0, 1240.0, 3420.0, 1890.0, 3000.0, 3120.0, 3560.0, 4200.0, 5520.0, 4620.0, 1550.0, 2960.0, 1750.0, 1930.0, 1880.0, 2080.0, 2720.0, 2910.0, 2440.0, 3620.0, 2500.0, 2560.0, 1690.0, 2080.0, 1930.0, 1990.0, 1420.0, 1340.0, 2200.0, 2510.0, 2060.0, 2770.0, 2280.0, 2440.0, 1200.0, 2360.0, 2260.0, 1480.0, 1440.0, 2030.0, 1680.0, 1730.0, 2360.0, 2900.0, 3250.0, 3160.0, 2290.0, 820.0, 2090.0, 950.0, 810.0, 1640.0, 2310.0, 1870.0, 2720.0, 1870.0, 2440.0, 2350.0, 1150.0, 2000.0, 1050.0, 1290.0, 910.0, 1000.0, 1850.0], "train_y": [4370.0, 3710.0, 3220.0, 3870.0, 2700.0, 6720.0, 3210.0, 8670.0, 8310.0, 6950.0, 5690.0, 5450.0, 5000.0, 3590.0, 3680.0, 2790.0, 3280.0, 3750.0, 3350.0, 7990.0, 6280.0, 6770.0, 8260.0, 4830.0, 4800.0, 4340.0, 4860.0, 2310.0, 2090.0, 4890.0, 4500.0, 4560.0, 7900.0, 5130.0, 9470.0, 6300.0, 4490.0, 2110.0, 4670.0, 5950.0, 2600.0, 2280.0, 4190.0, 5820.0, 4960.0, 5140.0, 5210.0, 3580.0, 5750.0, 1590.0, 4880.0, 1610.0, 2420.0, 4370.0, 3580.0, 3410.0, 4220.0, 4500.0, 2750.0, 2610.0, 1750.0, 2850.0, 1240.0, 3420.0, 1890.0, 3000.0, 3120.0, 3560.0, 4200.0, 5520.0, 4620.0, 1550.0, 2960.0, 1750.0, 1930.0, 1880.0, 2080.0, 2720.0, 2910.0, 2440.0, 3620.0, 2500.0, 2560.0, 1690.0, 2080.0, 1930.0, 1990.0, 1420.0, 1340.0, 2200.0, 2510.0, 2060.0, 2770.0, 2280.0, 2440.0, 1200.0, 2360.0, 2260.0, 1480.0, 1440.0, 2030.0, 1680.0, 1730.0, 2360.0, 2900.0, 3250.0, 3160.0, 2290.0, 820.0, 2090.0, 950.0, 810.0, 1640.0, 2310.0, 1870.0, 2720.0], "test_y": [1870.0, 2440.0, 2350.0, 1150.0, 2000.0, 1050.0, 1290.0, 910.0, 1000.0, 1850.0], "untransformed": {"ElasticNet": {"mean_absolute_error": 595.78, "root_mean_squared_error": 726.744, "r2": -0.761, "mean_absolute_percentage_error": 0.493, "symmetric_mean_absolute_percentage_error": 0.359, "prediction": [2608.501709913725, 2557.295060995756, 2484.2660688356873, 2646.4930412126546, 2115.944871271471, 2030.865223173215, 1933.3407532605956, 1675.8461726253786, 1590.1212929329686, 1474.8767759268846], "lags": 2, "horizon": null, "threshold": 0.0}, "KNeighborsRegressor": {"mean_absolute_error": 614.667, "root_mean_squared_error": 760.767, "r2": -0.929, "mean_absolute_percentage_error": 0.522, "symmetric_mean_absolute_percentage_error": 0.367, "prediction": [2472.5, 2602.5, 2230.8333333333335, 2643.3333333333335, 2105.8333333333335, 2254.1666666666665, 1876.6666666666667, 1770.0, 1725.8333333333333, 1563.3333333333333], "lags": 2, "horizon": null, "threshold": 0.0}, "MLPRegressor": {"mean_absolute_error": 384.308, "root_mean_squared_error": 542.783, "r2": 0.018, "mean_absolute_percentage_error": 0.294, "symmetric_mean_absolute_percentage_error": 0.247, "prediction": [1716.4703479070474, 2034.4900435641784, 2321.8682295430594, 2354.7165887052306, 1944.0796904726762, 1802.651512071978, 1391.0289549612976, 1225.6696772726784, 1035.172940362064, 1059.2500600209094], "lags": 3, "horizon": null, "threshold": 0.0}, "Holt": {"mean_absolute_error": 467.564, "root_mean_squared_error": 582.23, "r2": -0.13, "mean_absolute_percentage_error": 0.354, "symmetric_mean_absolute_percentage_error": 0.296, "prediction": [2337.802846931789, 2105.470095290473, 2296.1740322557303, 2340.385380624167, 1722.636866791541, 1875.8122079988216, 1444.09396123741, 1362.7055732528925, 1120.9694886175123, 1051.8512297897003], "lags": 3, "horizon": null, "threshold": 0.0}}, "transformed": {"ElasticNet": {"mean_absolute_error": 609.699, "root_mean_squared_error": 719.461, "r2": -0.725, "mean_absolute_percentage_error": 0.504, "symmetric_mean_absolute_percentage_error": 0.364, "prediction": [2707.814686458314, 2626.9341039656856, 2642.1149960174707, 2324.1043367277657, 2099.5318269448126, 2095.19745505157, 2044.8724607259153, 1783.869397309204, 1727.0084698939486, 1955.5437169372788], "lags": 1, "horizon": null, "threshold": 0.12}, "KNeighborsRegressor": {"mean_absolute_error": 419.496, "root_mean_squared_error": 494.461, "r2": 0.185, "mean_absolute_percentage_error": 0.332, "symmetric_mean_absolute_percentage_error": 0.27, "prediction": [2411.731893172638, 2411.851977804332, 2001.2450354905452, 1879.558522937698, 1917.478072679512, 1425.4738323923782, 2201.8523305268327, 1383.1928238592945, 1503.4861564643306, 1649.7648671692314], "lags": 3, "horizon": null, "threshold": 0.12}, "MLPRegressor": {"mean_absolute_error": 367.468, "root_mean_squared_error": 410.762, "r2": 0.438, "mean_absolute_percentage_error": 0.247, "symmetric_mean_absolute_percentage_error": 0.229, "prediction": [2247.3337756651795, 1943.0625421293298, 1998.461553502496, 1837.863652244611, 1495.2723689752902, 1522.8576687489028, 1348.7030088578795, 1146.0280102406628, 1095.552958904614, 1456.8580366195874], "lags": 1, "horizon": null, "threshold": 0.12}, "Holt": {"mean_absolute_error": 388.24, "root_mean_squared_error": 462.254, "r2": 0.288, "mean_absolute_percentage_error": 0.305, "symmetric_mean_absolute_percentage_error": 0.257, "prediction": [2374.5722011787657, 2347.7914747570035, 2363.72453301918, 2026.9972936317185, 1753.352068690914, 1705.1559854877835, 1617.6684475270288, 1353.4567697626287, 1203.3784678719855, 1331.4146476807286], "lags": 2, "horizon": null, "threshold": 0.12}}}
{"name": "N1679", "series": [8000.0, 5120.0, 4720.0, 7020.0, 3840.0, 7360.0, 5040.0, 10800.0, 6580.0, 8520.0, 9460.0, 7560.0, 7060.0, 4560.0, 4660.0, 6040.0, 4260.0, 5840.0, 5020.0, 10040.0, 10060.0, 9100.0, 5840.0, 6660.0, 5680.0, 5820.0, 3280.0, 3000.0, 3800.0, 6040.0, 5040.0, 7100.0, 8140.0, 6820.0, 9000.0, 6840.0, 5020.0, 3020.0, 6960.0, 3980.0, 3660.0, 2740.0, 4760.0, 8520.0, 4220.0, 7160.0, 7040.0, 4640.0, 7440.0, 3900.0, 6800.0, 4840.0, 3080.0, 5220.0, 3840.0, 2860.0, 6780.0, 5480.0, 3700.0, 4460.0, 4180.0, 4520.0, 3900.0, 3580.0, 2120.0, 4560.0, 4500.0, 5660.0, 4240.0, 10160.0, 7500.0, 7180.0, 7800.0, 5240.0, 5480.0, 3900.0, 2920.0, 4100.0, 4540.0, 2520.0, 4920.0, 3080.0, 2800.0, 2160.0, 3500.0, 3420.0, 3480.0, 1900.0, 2220.0, 2620.0, 5160.0, 2520.0, 4740.0, 3380.0, 3380.0, 2640.0, 3640.0, 4840.0, 1700.0, 2660.0, 2920.0, 1860.0, 3140.0, 3360.0, 4400.0, 4760.0, 5980.0, 3980.0, 4040.0, 4440.0, 1340.0, 1740.0, 2420.0, 4380.0, 4600.0, 3800.0, 3020.0, 4920.0, 4040.0, 2960.0, 4220.0, 1660.0, 2280.0, 1600.0, 2940.0, 2960.0], "train_y": [8000.0, 5120.0, 4720.0, 7020.0, 3840.0, 7360.0, 5040.0, 10800.0, 6580.0, 8520.0, 9460.0, 7560.0, 7060.0, 4560.0, 4660.0, 6040.0, 4260.0, 5840.0, 5020.0, 10040.0, 10060.0, 9100.0, 5840.0, 6660.0, 5680.0, 5820.0, 3280.0, 3000.0, 3800.0, 6040.0, 5040.0, 7100.0, 8140.0, 6820.0, 9000.0, 6840.0, 5020.0, 3020.0, 6960.0, 3980.0, 3660.0, 2740.0, 4760.0, 8520.0, 4220.0, 7160.0, 7040.0, 4640.0, 7440.0, 3900.0, 6800.0, 4840.0, 3080.0, 5220.0, 3840.0, 2860.0, 6780.0, 5480.0, 3700.0, 4460.0, 4180.0, 4520.0, 3900.0, 3580.0, 2120.0, 4560.0, 4500.0, 5660.0, 4240.0, 10160.0, 7500.0, 7180.0, 7800.0, 5240.0, 5480.0, 3900.0, 2920.0, 4100.0, 4540.0, 2520.0, 4920.0, 3080.0, 2800.0, 2160.0, 3500.0, 3420.0, 3480.0, 1900.0, 2220.0, 2620.0, 5160.0, 2520.0, 4740.0, 3380.0, 3380.0, 2640.0, 3640.0, 4840.0, 1700.0, 2660.0, 2920.0, 1860.0, 3140.0, 3360.0, 4400.0, 4760.0, 5980.0, 3980.0, 4040.0, 4440.0, 1340.0, 1740.0, 2420.0, 4380.0, 4600.0, 3800.0], "test_y": [3020.0, 4920.0, 4040.0, 2960.0, 4220.0, 1660.0, 2280.0, 1600.0, 2940.0, 2960.0], "untransformed": {"ElasticNet": {"mean_absolute_error": 1161.267, "root_mean_squared_error": 1379.951, "r2": -0.813, "mean_absolute_percentage_error": 0.506, "symmetric_mean_absolute_percentage_error": 0.355,